Survey Name,DS_0494431_00-07-30-026-17W4-0.csv,,,,,,,,
Final Survey,Y,,,,,,,,
Well Licensee,Mainland Oil,,,,,,,,
Survey Company,Maine Drilling,,,,,,,,
Licence Number,494431,,,,,,,,
Well Name,N40 Hz Messford 7-30-26-17W4,,,,,,,,
Slanted Drilling,Y or N,,,,,,,,
DLS Surface Hole Location,07-29-026-17W4,,,,,,,,
NAD 83 Surface Lat,51.247014,,,,,,,,
NAD 83 Surface Long,-112.365038,,,,,,,,
Ground Level Elevation,870.22,,,,,,,,
Kelly Bushing Elevation,874.62,,,,,,,,
UWI (D59:at the time of submission),00/07-30-026-17W4/00,,,,,,,,
Final Survey Date (YYYY-MM-DD),2021-10-06,,,,,,,,
North Reference,TRUE,,,,,,,,
Universal Transverse Mercator Zone,11N or 12N,,,,,,,,
Survey Calculation Method,Minimum Curvature,,,,,,,,
Units of Measurement,Meters & Degrees,,,,,,,,
Convergence Angle,0.33,,,,,,,,
Magnetic Model,HDGM_FILE,,,,,,,,
Magnetic Model Date (YYYY-MM-DD),2019-04-01,,,,,,,,
Vertical Section Azimuth,273.95,,,,,,,,
Declination,13.11,,,,,,,,
,,,,,,,,,
MD,Inclination,Azimuth,True Vertical Depth (TVD),TVDSS,Vert Sect,N+/S-,E+/W-,Survey Tool,Annotations
[m],[°] or deg,[°] or deg,[m],[m],[m],[m],[m],Type,
0,0,0,0,839.92,0,0,0,Gyro,    
38.51,0.3,320.33,38.51,801.41,38.51,0.08,-0.06,Gyro,
47.73,0.38,333.08,47.73,792.19,47.73,0.13,-0.09,Gyro,    
57.18,0.35,359.32,57.18,782.74,57.18,0.19,-0.1,Gyro,    
66.64,0.2,0.24,66.64,773.28,66.64,0.23,-0.1,Gyro,    
76.55,0.39,338.44,76.55,763.37,76.55,0.28,-0.11,Gyro,    
95.23,0.19,346,95.23,744.69,95.23,0.37,-0.14,Gyro,    
113.85,0.35,2.61,113.85,726.07,113.85,0.46,-0.14,Gyro,    
132.49,0.39,11.97,132.49,707.43,132.49,0.58,-0.12,Gyro,    
151.19,0.47,6.92,151.19,688.73,151.19,0.71,-0.09,Gyro,
169.99,0.26,7.49,169.99,669.93,169.99,0.83,-0.07,Gyro,    
188.65,0.44,9.29,188.65,651.27,188.65,0.94,-0.05,Gyro,    
207.16,0.43,0.55,207.16,632.76,207.16,1.08,-0.03,Gyro,    
225.65,0.26,12.28,225.65,614.27,225.65,1.19,-0.01,Gyro,    
244.27,0.26,25.51,244.27,595.65,244.27,1.27,0.02,Gyro,    
262.96,0.39,30.17,262.96,576.96,262.96,1.36,0.07,Gyro,    
281.5,0.43,6.39,281.5,558.42,281.5,1.48,0.12,Gyro,    
300.05,0.55,13.69,300.04,539.88,300.04,1.64,0.15,Gyro,    
318.67,0.36,356.59,318.66,521.26,318.66,1.78,0.17,Gyro,    
337.26,0.78,352.42,337.25,502.67,337.25,1.97,0.16,Gyro,    
355.88,0.95,13.43,355.87,484.05,355.87,2.24,0.19,Gyro,    
374.38,1.01,8.41,374.37,465.55,374.37,2.55,0.27,Gyro,    
392.98,0.85,0.72,392.97,446.95,392.97,2.85,0.3,Gyro,    
409,0.64,354.97,408.98,430.94,408.98,3.05,0.31,Gyro,    
427,1,0.66,426.98,412.94,426.98,3.31,0.31,Gyro,Surf. Csg. = 427 m KB
431.94,1.1,1.57,431.92,408,431.92,3.4,0.32,Gyro,    
450.64,0.93,0.9,450.62,389.3,450.62,3.73,0.34,Gyro,    
469.44,0.43,213.31,469.42,370.5,469.42,3.83,0.31,Gyro,    
488.1,0.43,192.39,488.08,351.84,488.08,3.7,0.25,Gyro,    
506.61,0.19,350.57,506.59,333.33,506.59,3.67,0.22,Gyro,    
525.1,0.26,26.74,525.08,314.84,525.08,3.73,0.24,Gyro,    
543.72,0.36,353.08,543.7,296.22,543.7,3.83,0.26,Gyro,    
562.41,0.64,357.69,562.39,277.53,562.39,3.99,0.25,Gyro,    
580.95,0.7,0.72,580.93,258.99,580.93,4.21,0.26,Gyro,    
599.5,0.73,350.26,599.47,240.45,599.47,4.44,0.25,Gyro,
618.12,0.71,7.32,618.09,221.83,618.09,4.67,0.26,Gyro,    
636.71,0.52,212.57,636.68,203.24,636.68,4.71,0.23,Gyro,    
655.33,0.81,197.49,655.3,184.62,655.3,4.52,0.13,Gyro,    
673.83,0.35,274.8,673.8,166.12,673.8,4.41,0.03,Gyro,    
692.43,0.15,11.4,692.4,147.52,692.4,4.44,-0.02,Gyro,    
711.06,0.64,39.53,711.03,128.89,711.03,4.54,0.06,Gyro,    
729.8,0.6,54.08,729.77,110.15,729.77,4.67,0.21,Gyro,    
749.2,0.38,206.02,749.17,90.75,749.17,4.67,0.26,Gyro,    
768.57,0.58,204.04,768.54,71.38,768.54,4.52,0.19,Gyro,    
787.95,0.19,60.8,787.92,52,787.92,4.45,0.17,Gyro,    
807.36,0.23,38.21,807.33,32.59,807.33,4.5,0.23,Gyro,    
826.73,0.32,26.48,826.7,13.22,826.7,4.57,0.28,Gyro,    
846.13,0.43,76.23,846.1,-6.18,846.1,4.63,0.38,Gyro,    
865.51,0.64,52.41,865.48,-25.56,865.48,4.71,0.54,Gyro,    
884.89,0.7,62.87,884.85,-44.93,884.85,4.82,0.73,Gyro,    
904.28,0.66,205.58,904.24,-64.32,904.24,4.77,0.79,Gyro,    
923.69,0.28,180.39,923.65,-83.73,923.65,4.63,0.73,Gyro,    
943.09,0.17,48.28,943.05,-103.13,943.05,4.6,0.75,Gyro,    
962.48,0.7,351.1,962.44,-122.52,962.44,4.73,0.76,Gyro,    
981.84,0.59,202.85,981.8,-141.88,981.8,4.76,0.71,Gyro,    
1001.24,0.51,206.46,1001.2,-161.28,1001.2,4.6,0.62,Gyro,    
1020.62,0.54,309.52,1020.58,-180.66,1020.58,4.58,0.51,Gyro,    
1040.02,1.25,310.31,1039.98,-200.06,1039.98,4.79,0.29,Gyro,    
1059.44,0.42,222.89,1059.4,-219.48,1059.4,4.88,0.08,Gyro,    
1078.83,0.52,159.47,1078.79,-238.87,1078.79,4.75,0.06,Gyro,    
1098.25,0.26,72.19,1098.21,-258.29,1098.21,4.67,0.13,Gyro,    
1117.62,0.42,351.93,1117.57,-277.65,1117.57,4.76,0.16,Gyro,    
1137.03,0.59,111.08,1136.98,-297.06,1136.98,4.79,0.25,Gyro,    
1156.43,0.54,67.88,1156.38,-316.46,1156.38,4.78,0.43,Gyro,    
1175.82,0.99,2.88,1175.77,-335.85,1175.77,4.98,0.53,Gyro,    
1195.23,1.28,358.35,1195.18,-355.26,1195.18,5.36,0.55,Gyro,    
1214.53,1.26,356.28,1214.47,-374.55,1214.47,5.79,0.54,Gyro,    
1233.9,1.42,352.37,1233.84,-393.92,1233.84,6.24,0.52,Gyro,    
1253.27,1.44,355.41,1253.2,-413.28,1253.2,6.72,0.49,Gyro,    
1272.67,0.86,113.46,1272.6,-432.68,1272.6,6.9,0.61,Gyro,    
1292.05,1.65,125.32,1291.98,-452.06,1291.98,6.67,0.96,Gyro,    
1311.41,1.72,127.7,1311.33,-471.41,1311.33,6.31,1.4,Gyro,    
1330.82,0.95,104.84,1330.73,-490.81,1330.73,6.07,1.78,Gyro,    
1350.19,1.28,166.2,1350.1,-510.18,1350.1,5.81,1.98,Gyro,    
1369.55,1.58,159.69,1369.45,-529.53,1369.45,5.35,2.1,Gyro,    
1388.93,1.22,152.79,1388.83,-548.91,1388.83,4.91,2.27,Gyro,    
1408.31,1.02,150.55,1408.2,-568.28,1408.2,4.57,2.43,Gyro,    
1427.67,1.1,138.9,1427.56,-587.64,1427.56,4.27,2.63,Gyro,    
1447.67,1.14,119.08,1447.56,-607.64,1447.56,4.01,2.92,Gyro,    
1466.45,1.64,163.12,1466.33,-626.41,1466.33,3.66,3.14,Gyro,    
1485.84,1.41,149.5,1485.71,-645.79,1485.71,3.18,3.33,Gyro,    
1505.24,0.91,133.41,1505.11,-665.19,1505.11,2.85,3.55,Gyro,    
1524.57,1.26,188.66,1524.44,-684.52,1524.44,2.54,3.61,Gyro,    
1543.98,1.48,207.12,1543.84,-703.92,1543.84,2.11,3.45,Gyro,    
1563.35,1.53,213.62,1563.2,-723.28,1563.2,1.68,3.17,Gyro,    
1582.73,0.63,212.04,1582.58,-742.66,1582.58,1.38,2.96,Gyro,    
1602.14,0.3,238.06,1601.99,-762.07,1601.99,1.27,2.85,Gyro,    
1621.56,1.01,243.55,1621.41,-781.49,1621.41,1.18,2.65,Gyro,    
1640.92,0.73,240.87,1640.77,-800.85,1640.77,1.05,2.39,Gyro,    
1660.3,0.74,258.89,1660.15,-820.23,1660.15,0.98,2.15,Gyro,    
1679.65,0.56,261.79,1679.49,-839.57,1679.49,0.95,1.94,Gyro,    
1699.06,0.55,267.24,1698.9,-858.98,1698.9,0.94,1.75,Gyro,    
1718.47,0.54,314.49,1718.31,-878.39,1718.31,1.01,1.59,Gyro,    
1737.86,0.78,328.55,1737.7,-897.78,1737.7,1.19,1.47,Gyro,    
1757.22,0.89,317.3,1757.06,-917.14,1757.06,1.42,1.3,Gyro,    
1776.61,0.48,308.77,1776.45,-936.53,1776.45,1.59,1.15,Gyro,    
1796,0.58,327.94,1795.84,-955.92,1795.84,1.72,1.04,Gyro,    
1815.37,1.09,6.39,1815.2,-975.28,1815.2,1.99,1.02,Gyro,    
1834.78,1.05,355.41,1834.61,-994.69,1834.61,2.35,1.04,Gyro,    
1854.17,1.02,12.37,1854,-1014.08,1854,2.7,1.08,Gyro,    
1873.58,0.74,358.97,1873.41,-1033.49,1873.41,2.99,1.12,Gyro,    
1892.97,1.01,21.16,1892.79,-1052.87,1892.79,3.27,1.19,Gyro,    
1912.38,0.34,54.52,1912.2,-1072.28,1912.2,3.46,1.31,Gyro,    
1931.75,0.78,100.54,1931.57,-1091.65,1931.57,3.46,1.49,Gyro,    
1951.15,0.09,232.43,1950.97,-1111.05,1950.97,3.42,1.6,Gyro,    
1970.55,0.31,44.85,1970.37,-1130.45,1970.37,3.45,1.63,Gyro,    
1989.96,1.01,28.63,1989.78,-1149.86,1989.78,3.63,1.76,Gyro,    
2009.35,1.06,26.87,2009.17,-1169.25,2009.17,3.93,1.93,Gyro,    
2028.74,1.15,36.72,2028.55,-1188.63,2028.55,4.24,2.14,Gyro,    
2048.12,0.74,104.32,2047.93,-1208.01,2047.93,4.36,2.39,Gyro,    
2067.51,1.29,141.5,2067.32,-1227.4,2067.32,4.14,2.63,Gyro,    
2086.88,0.94,193.01,2086.68,-1246.76,2086.68,3.81,2.72,Gyro,    
2106.24,1.17,201.49,2106.04,-1266.12,2106.04,3.48,2.6,Gyro,    
2125.62,0.74,137.28,2125.42,-1285.5,2125.42,3.2,2.6,Gyro,    
2135,0.4,256.98,2134.8,-1294.88,2134.8,3.15,2.61,Gyro,KOP = 2135.00 m KB
2135.3,0.43,259.72,2135.1,-1295.18,2135.1,3.15,2.6,Gyro,    
2145.02,3.17,271.77,2144.81,-1304.89,2144.81,3.17,2.3,Gyro,    
2154.7,5.69,273.17,2154.46,-1314.54,2154.46,3.23,1.55,Gyro,DDE # 1 = 20210716; 2154.70 m KB; Dev
2164.38,8.51,277.83,2164.07,-1324.15,2164.07,3.41,0.37,Gyro,    
2174.06,10.77,275.28,2173.61,-1333.69,2173.61,3.66,-1.23,MWD+HDGM (2),
2183.75,13.95,273.35,2183.08,-1343.16,2183.08,3.9,-3.29,MWD+HDGM (2),    
2193.43,16.53,269.61,2192.41,-1352.49,2192.41,4.06,-5.83,MWD+HDGM (2),    
2203.12,18.92,269.17,2201.64,-1361.72,2201.64,4.15,-8.78,MWD+HDGM (2),    
2212.81,20.67,270.1,2210.76,-1370.84,2210.76,4.27,-12.06,MWD+HDGM (2),    
2222.49,22.36,271.24,2219.77,-1379.85,2219.77,4.47,-15.6,MWD+HDGM (2),    
2232.18,25.01,272.6,2228.64,-1388.72,2228.64,4.76,-19.48,MWD+HDGM (2),    
2241.87,28.22,274.1,2237.3,-1397.38,2237.3,5.2,-23.8,MWD+HDGM (2),    
2251.58,31.22,275.37,2245.73,-1405.81,2245.73,5.81,-28.57,MWD+HDGM (2),    
2261.28,34.1,277.74,2253.9,-1413.98,2253.9,6.63,-33.74,MWD+HDGM (2),    
2270.98,37.15,279.9,2261.78,-1421.86,2261.78,7.73,-39.28,MWD+HDGM (2),    
2280.69,41.12,281.92,2269.31,-1429.39,2269.31,9.15,-45.24,MWD+HDGM (2),    
2290.36,44.92,284.03,2276.38,-1436.46,2276.38,10.91,-51.6,MWD+HDGM (2),    
2300.03,49.16,284.82,2282.97,-1443.05,2282.97,12.96,-58.37,MWD+HDGM (2),    
2309.72,52.09,285.3,2289.12,-1449.2,2289.12,15.21,-65.51,MWD+HDGM (2),    
2319.42,52.64,287.02,2295.04,-1455.12,2295.04,17.66,-72.79,MWD+HDGM (2),    
2329.11,51.92,289,2300.97,-1461.05,2300.97,20.33,-79.98,MWD+HDGM (2),    
2338.78,51.99,290.09,2306.93,-1467.01,2306.93,23.18,-87.04,MWD+HDGM (2),    
2348.48,52.4,289.79,2312.87,-1472.95,2312.87,26.1,-94.12,MWD+HDGM (2),    
2358.17,53.66,289.26,2318.7,-1478.78,2318.7,28.99,-101.31,MWD+HDGM (2),    
2367.86,55.52,288.95,2324.32,-1484.4,2324.32,31.89,-108.65,MWD+HDGM (2),    
2377.45,57.01,287.94,2329.64,-1489.72,2329.64,34.73,-116.1,MWD+HDGM (2),    
2387.1,58.95,287.19,2334.76,-1494.84,2334.76,37.53,-123.79,MWD+HDGM (2),    
2396.79,61.17,287.24,2339.59,-1499.67,2339.59,40.35,-131.7,MWD+HDGM (2),    
2406.48,63.47,288.82,2344.1,-1504.18,2344.1,43.35,-139.74,MWD+HDGM (2),    
2416.16,65.01,291.02,2348.3,-1508.38,2348.3,46.66,-147.8,MWD+HDGM (2),    
2425.85,65.47,293.3,2352.36,-1512.44,2352.36,50.32,-155.8,MWD+HDGM (2),    
2435.56,65.84,295.28,2356.36,-1516.44,2356.36,54.3,-163.7,MWD+HDGM (2),    
2445.23,66.99,296.25,2360.23,-1520.31,2360.23,58.49,-171.51,MWD+HDGM (2),    
2454.95,68.5,296.51,2363.92,-1524,2363.92,62.82,-179.4,MWD+HDGM (2),    
2464.66,70.42,296.25,2367.32,-1527.4,2367.32,67.2,-187.36,MWD+HDGM (2),    
2474.36,72.08,295.9,2370.44,-1530.52,2370.44,71.59,-195.44,MWD+HDGM (2),    
2484.07,73.98,295.37,2373.27,-1533.35,2373.27,75.95,-203.63,MWD+HDGM (2),    
2493.75,76.31,295.11,2375.76,-1535.84,2375.76,80.3,-211.92,MWD+HDGM (2),    
2503.45,78.13,294.36,2377.9,-1537.98,2377.9,84.62,-220.33,MWD+HDGM (2),    
2513.13,80.7,294.09,2379.68,-1539.76,2379.68,88.88,-228.84,MWD+HDGM (2),DDE # 2 = 20210717; 2513.13m KB; Hz
2524.72,83.38,292.86,2381.28,-1541.36,2381.28,93.9,-239.16,MWD+HDGM (2),    
2534.42,84.95,292.86,2382.27,-1542.35,2382.27,98.02,-247.89,MWD+HDGM (2),    
2544.1,87.2,293,2382.93,-1543.01,2382.93,102.15,-256.61,MWD+HDGM (2),ICP shoe = 2544.1 m KB
2553.81,88.98,294.62,2383.26,-1543.34,2383.26,106.44,-265.32,MWD+HDGM (2),Heel = 2553.81 m KB
2573.2,89.67,297.04,2383.48,-1543.56,2383.48,115.62,-282.39,MWD+HDGM (2),    
2592.62,89.29,298.8,2383.66,-1543.74,2383.66,125.43,-299.15,MWD+HDGM (2),    
2612.01,89.1,300.69,2383.93,-1544.01,2383.93,135.75,-315.56,MWD+HDGM (2),    
2631.43,90.03,304.29,2384.08,-1544.16,2384.08,146.87,-331.48,MWD+HDGM (2),    
2650.84,91.29,306.84,2383.86,-1543.94,2383.86,158.81,-346.78,MWD+HDGM (2),    
2670.2,92.17,306.66,2383.27,-1543.35,2383.27,171.04,-361.78,MWD+HDGM (2),    
2689.6,91.29,306.4,2382.69,-1542.77,2382.69,183.23,-376.86,MWD+HDGM (2),    
2708.97,91.44,305.61,2382.23,-1542.31,2382.23,195.26,-392.03,MWD+HDGM (2),    
2728.36,89.69,304.82,2382.03,-1542.11,2382.03,207.1,-407.38,MWD+HDGM (2),    
2747.73,89.98,304.33,2382.09,-1542.17,2382.09,218.76,-422.85,MWD+HDGM (2),    
2767.11,90.02,304.47,2382.09,-1542.17,2382.09,230.38,-438.36,MWD+HDGM (2),    
2786.48,90.04,306.22,2382.08,-1542.16,2382.08,242.24,-453.67,MWD+HDGM (2),    
2791,90.21,306.29,2382.07,-1542.15,2382.07,245.07,-457.2,MWD+HDGM (2),
2805.88,90.78,306.53,2381.94,-1542.02,2381.94,254.4,-468.79,MWD+HDGM (2),    
2825.24,90.15,305.79,2381.78,-1541.86,2381.78,266.47,-483.92,MWD+HDGM (2),    
2844.6,88.78,305.26,2381.96,-1542.04,2381.96,278.38,-499.19,MWD+HDGM (2),    
2864.01,89.14,305.04,2382.32,-1542.4,2382.32,290.21,-514.57,MWD+HDGM (2),    
2883.43,88.97,306.36,2382.64,-1542.72,2382.64,302.2,-529.85,MWD+HDGM (2),    
2902.78,88.98,307.19,2382.98,-1543.06,2382.98,314.43,-544.84,MWD+HDGM (2),    
2922.14,89.75,307.1,2383.2,-1543.28,2383.2,326.76,-559.76,MWD+HDGM (2),    
2941.52,90.7,306.62,2383.12,-1543.2,2383.12,339.03,-574.76,MWD+HDGM (2),    
2960.9,91.2,307.67,2382.8,-1542.88,2382.8,351.37,-589.7,MWD+HDGM (2),    
2980.27,90.31,309.13,2382.55,-1542.63,2382.55,364.03,-604.35,MWD+HDGM (2),    
2999.66,90.37,309.26,2382.43,-1542.51,2382.43,376.91,-618.85,MWD+HDGM (2),    
3019.06,90.65,309.43,2382.26,-1542.34,2382.26,389.84,-633.32,MWD+HDGM (2),    
3038.48,91.24,309.04,2381.94,-1542.02,2381.94,402.74,-647.82,MWD+HDGM (2),    
3057.82,91.21,308.42,2381.52,-1541.6,2381.52,415.47,-662.38,MWD+HDGM (2),    
3077.2,91.45,307.46,2381.07,-1541.15,2381.07,428.02,-677.14,MWD+HDGM (2),    
3096.55,91.63,307.72,2380.55,-1540.63,2380.55,440.45,-691.96,MWD+HDGM (2),    
3116,90.82,307.5,2380.14,-1540.22,2380.14,452.96,-706.84,MWD+HDGM (2),    
3135.38,91.01,307.41,2379.83,-1539.91,2379.83,465.39,-721.71,MWD+HDGM (2),    
3154.78,89.76,307.89,2379.7,-1539.78,2379.7,477.88,-736.56,MWD+HDGM (2),    
3174.13,89.8,307.89,2379.77,-1539.85,2379.77,490.39,-751.31,MWD+HDGM (2),    
3193.53,89.08,306.53,2379.96,-1540.04,2379.96,502.77,-766.25,MWD+HDGM (2),    
3212.92,90.1,306.75,2380.1,-1540.18,2380.1,514.99,-781.31,MWD+HDGM (2),    
3232.31,89.94,306.31,2380.09,-1540.17,2380.09,527.18,-796.38,MWD+HDGM (2),    
3251.69,88.97,306.44,2380.28,-1540.36,2380.28,539.32,-811.49,MWD+HDGM (2),    
3271.07,90.35,306.8,2380.39,-1540.47,2380.39,551.53,-826.54,MWD+HDGM (2),    
3290.42,91.02,306.84,2380.16,-1540.24,2380.16,563.77,-841.52,MWD+HDGM (2),    
3309.8,89.9,307.06,2380.01,-1540.09,2380.01,576.06,-856.5,MWD+HDGM (2),    
3329.22,91.29,307.02,2379.81,-1539.89,2379.81,588.41,-871.49,MWD+HDGM (2),    
3348.61,91.37,306.8,2379.36,-1539.44,2379.36,600.69,-886.49,MWD+HDGM (2),    
3368,89.72,305.96,2379.17,-1539.25,2379.17,612.84,-901.6,MWD+HDGM (2),    
3387.4,88.82,305.7,2379.42,-1539.5,2379.42,624.86,-916.83,MWD+HDGM (2),    
3406.8,89.36,305.61,2379.73,-1539.81,2379.73,636.82,-932.1,MWD+HDGM (2),    
3426.15,90.74,305.7,2379.71,-1539.79,2379.71,648.75,-947.33,MWD+HDGM (2),    
3445.56,91,305.17,2379.41,-1539.49,2379.41,660.66,-962.65,MWD+HDGM (2),    
3464.95,89.48,304.6,2379.33,-1539.41,2379.33,672.42,-978.07,MWD+HDGM (2),    
3484.32,89.92,304.2,2379.43,-1539.51,2379.43,684.03,-993.58,MWD+HDGM (2),    
3503.72,89.01,304.07,2379.62,-1539.7,2379.62,695.58,-1009.16,MWD+HDGM (2),    
3523.12,87.95,304.42,2380.13,-1540.21,2380.13,707.16,-1024.71,MWD+HDGM (2),    
3542.5,87.88,304.38,2380.84,-1540.92,2380.84,718.77,-1040.22,MWD+HDGM (2),    
3561.89,88.61,304.07,2381.43,-1541.51,2381.43,730.34,-1055.76,MWD+HDGM (2),    
3581.25,89.1,303.85,2381.82,-1541.9,2381.82,741.82,-1071.35,MWD+HDGM (2),    
3600.62,89.96,305.13,2381.97,-1542.05,2381.97,753.46,-1086.83,MWD+HDGM (2),    
3620,89.82,307.02,2382.01,-1542.09,2382.01,765.52,-1102,MWD+HDGM (2),    
3639.38,89.45,309.04,2382.14,-1542.22,2382.14,778.09,-1116.74,MWD+HDGM (2),    
3658.76,90.61,309.65,2382.13,-1542.21,2382.13,791,-1131.2,MWD+HDGM (2),    
3678.16,90.37,308.99,2381.96,-1542.04,2381.96,803.92,-1145.67,MWD+HDGM (2),    
3697.51,89.28,309.21,2382.02,-1542.1,2382.02,816.75,-1160.16,MWD+HDGM (2),    
3716.87,90.97,308.25,2381.98,-1542.06,2381.98,829.49,-1174.73,MWD+HDGM (2),    
3736.23,91.96,308.86,2381.48,-1541.56,2381.48,842.18,-1189.34,MWD+HDGM (2),    
3755.56,92.33,308.42,2380.76,-1540.84,2380.76,854.87,-1203.91,MWD+HDGM (2),    
3774.96,90.65,307.5,2380.25,-1540.33,2380.25,867.44,-1218.68,MWD+HDGM (2),    
3794.33,92.07,307.46,2379.79,-1539.87,2379.79,879.86,-1233.53,MWD+HDGM (2),    
3813.67,92.93,306.71,2378.95,-1539.03,2378.95,892.15,-1248.44,MWD+HDGM (2),    
3833.03,92.11,305.13,2378.1,-1538.18,2378.1,904.15,-1263.61,MWD+HDGM (2),    
3852.38,91.76,304.38,2377.45,-1537.53,2377.45,915.84,-1279.02,MWD+HDGM (2),    
3871.74,92.49,304.03,2376.73,-1536.81,2376.73,927.38,-1294.54,MWD+HDGM (2),    
3891.16,90.42,305.3,2376.23,-1536.31,2376.23,939.09,-1310.03,MWD+HDGM (2),    
3910.53,89.41,306.31,2376.26,-1536.34,2376.26,951.07,-1325.24,MWD+HDGM (2),    
3929.9,89.49,306.49,2376.45,-1536.53,2376.45,963.22,-1340.33,MWD+HDGM (2),    
3949.28,87.83,306.71,2376.9,-1536.98,2376.9,975.42,-1355.38,MWD+HDGM (2),    
3968.66,87.85,306.66,2377.63,-1537.71,2377.63,987.63,-1370.41,MWD+HDGM (2),    
3988.03,88.69,306.75,2378.22,-1538.3,2378.22,999.85,-1385.43,MWD+HDGM (2),    
4007.42,90.41,307.02,2378.37,-1538.45,2378.37,1012.13,-1400.43,MWD+HDGM (2),    
4026.77,91.13,307.02,2378.11,-1538.19,2378.11,1024.43,-1415.37,MWD+HDGM (2),    
4046.16,89.01,307.02,2378.09,-1538.17,2378.09,1036.74,-1430.34,MWD+HDGM (2),    
4065.52,88.58,306.75,2378.49,-1538.57,2378.49,1049.01,-1445.32,MWD+HDGM (2),    
4084.92,88.55,306.44,2378.98,-1539.06,2378.98,1061.22,-1460.39,MWD+HDGM (2),    
4104.33,88.85,306.36,2379.42,-1539.5,2379.42,1073.38,-1475.51,MWD+HDGM (2),    
4123.75,89.28,306.8,2379.74,-1539.82,2379.74,1085.6,-1490.59,MWD+HDGM (2),    
4143.13,89.08,306,2380.01,-1540.09,2380.01,1097.75,-1505.69,MWD+HDGM (2),    
4162.56,87.8,306.58,2380.54,-1540.62,2380.54,1109.9,-1520.84,MWD+HDGM (2),    
4181.98,87.95,306.53,2381.26,-1541.34,2381.26,1122.11,-1535.93,MWD+HDGM (2),    
4201.38,88.3,306.53,2381.9,-1541.98,2381.9,1134.3,-1551.01,MWD+HDGM (2),    
4220.75,88.97,305.96,2382.36,-1542.44,2382.36,1146.4,-1566.13,MWD+HDGM (2),    
4240.15,89.82,305.65,2382.56,-1542.64,2382.56,1158.4,-1581.37,MWD+HDGM (2),    
4259.52,90.16,305.43,2382.57,-1542.65,2382.57,1170.32,-1596.64,MWD+HDGM (2),    
4278.91,89.44,305.57,2382.63,-1542.71,2382.63,1182.24,-1611.93,MWD+HDGM (2),    
4298.28,91.21,304.99,2382.53,-1542.61,2382.53,1194.08,-1627.26,MWD+HDGM (2),    
4317.69,91.8,304.95,2382.02,-1542.1,2382.02,1205.87,-1642.67,MWD+HDGM (2),    
4337.08,90.77,306.71,2381.58,-1541.66,2381.58,1217.87,-1657.89,MWD+HDGM (2),    
4356.47,90.31,308.07,2381.4,-1541.48,2381.4,1230.28,-1672.78,MWD+HDGM (2),    
4375.89,90.45,309.04,2381.27,-1541.35,2381.27,1243.02,-1687.45,MWD+HDGM (2),    
4395.28,89.35,309.48,2381.3,-1541.38,2381.3,1255.91,-1701.93,MWD+HDGM (2),    
4414.66,90.46,309.39,2381.33,-1541.41,2381.33,1268.85,-1716.36,MWD+HDGM (2),    
4434.05,91.36,309.39,2381.03,-1541.11,2381.03,1281.77,-1730.81,MWD+HDGM (2),    
4453.44,89.08,309.48,2380.95,-1541.03,2380.95,1294.71,-1745.25,MWD+HDGM (2),    
4472.53,87.92,308.69,2381.45,-1541.53,2381.45,1307.36,-1759.54,MWD+HDGM (2),    
4491.93,87.84,308.51,2382.17,-1542.25,2382.17,1320.08,-1774.16,MWD+HDGM (2),    
4511.32,88.81,308.55,2382.74,-1542.82,2382.74,1332.79,-1788.8,MWD+HDGM (2),    
4530.72,89.72,308.51,2382.99,-1543.07,2382.99,1345.5,-1803.45,MWD+HDGM (2),    
4550.1,90.77,308.64,2382.9,-1542.98,2382.9,1358.22,-1818.08,MWD+HDGM (2),    
4569.5,90.38,308.03,2382.71,-1542.79,2382.71,1370.88,-1832.77,MWD+HDGM (2),    
4588.91,91,308.33,2382.47,-1542.55,2382.47,1383.51,-1847.51,MWD+HDGM (2),    
4608.3,91.28,306.97,2382.09,-1542.17,2382.09,1396,-1862.34,MWD+HDGM (2),
4627.7,90.26,305.92,2381.83,-1541.91,2381.83,1408.17,-1877.44,MWD+HDGM (2),    
4647.1,91.44,305.3,2381.54,-1541.62,2381.54,1420.12,-1892.72,MWD+HDGM (2),    
4666.52,91.53,304.38,2381.04,-1541.12,2381.04,1431.88,-1908.17,MWD+HDGM (2),    
4685.91,90.98,304.25,2380.61,-1540.69,2380.61,1443.47,-1923.7,MWD+HDGM (2),    
4705.32,91.2,303.59,2380.24,-1540.32,2380.24,1454.97,-1939.34,MWD+HDGM (2),    
4724.69,89.87,304.64,2380.06,-1540.14,2380.06,1466.5,-1954.9,MWD+HDGM (2),    
4733,90.42,305.11,2380.04,-1540.12,2380.04,1471.54,-1961.51,MWD+HDGM (2),
4747.51,90.49,305.83,2379.93,-1540.01,2379.93,1480.45,-1972.96,MWD+HDGM (2),Last Survey = 4747.51 m
4751,90.5,306,2379.9,-1539.98,2379.9,1482.62,-1975.69,MWD+HDGM (2),Extrapolation to TD = 4751 m
